[{"id":"13fb9195-d41c-5a4b-b1b6-b2fd3d8910a5","external_id":"e11f8d57-3cc8-5456-b00d-158455ab15c3","name":"About Me","folders":[]},{"id":"0f7b20d2-1cf1-5a62-86be-d79822b282ff","external_id":"0740d726-b6cc-5c39-96b0-812a800eb488","name":"Contact","folders":[]},{"id":"d4946ab0-0895-510a-b462-fa54e787ee08","external_id":"afd21336-8211-5de5-8bee-a1107d988bde","name":"Author","folders":[]},{"id":"71d52cd4-af30-5990-a53d-8a8c6540b2ac","external_id":"d2824f78-b596-50f0-957c-c7662b2771d3","name":"Upgraded to Gatsby v2","folders":[]},{"id":"1d844d6e-cf72-5d4b-a8fe-dfa501a092ff","external_id":"6ed2eeea-c951-5646-b906-40f531a473d4","name":"Humane Typography","folders":[]},{"id":"47901cbd-be45-52fb-ac7c-aed8f1c0b813","external_id":"0031469e-595e-5e8b-91a0-103f1569c613","name":"The Origins of Social Stationery Lettering","folders":[]},{"id":"8790b61f-a02f-5782-9d76-27dd2c77d0e6","external_id":"eabcfcf4-95a1-5fb6-b03a-8e516f519ef9","name":"A Brief History of Typography","folders":[]},{"id":"f52ec27b-4e5a-5773-ae88-315cf9994487","external_id":"8ac76d99-0b79-5be4-a5c2-5cfe6e43fb6a","name":"Perfecting the Art of Perfection","folders":[]}]