[{"id":"5b01a3f4-1048-4d84-82b4-7aa34a6f68a6","name":"Perfecting the Art of Perfection","codename":"perfecting_the_art_of_perfection","type":{"id":"3fee81cc-7995-5f7d-8798-06dcd791b7dc"},"collection":{"id":"00000000-0000-0000-0000-000000000000"},"sitemap_locations":[],"last_modified":"2022-02-08T08:09:29.0446768Z"},{"id":"bab44959-f78a-4c92-87e9-94329a5f3532","name":"The Origins of Social Stationery Lettering","codename":"the_origins_of_social_stationery_lettering","type":{"id":"3fee81cc-7995-5f7d-8798-06dcd791b7dc"},"collection":{"id":"00000000-0000-0000-0000-000000000000"},"sitemap_locations":[],"last_modified":"2022-02-08T08:09:29.4978178Z"},{"id":"285e4694-636d-46c7-b7c4-b3f6b36abe85","name":"A Brief History of Typography","codename":"a_brief_history_of_typography","type":{"id":"3fee81cc-7995-5f7d-8798-06dcd791b7dc"},"collection":{"id":"00000000-0000-0000-0000-000000000000"},"sitemap_locations":[],"last_modified":"2022-02-08T08:09:29.6853191Z"},{"id":"104741d3-4c5e-492d-bdbb-255ab5e86f0f","name":"Humane Typography in the Digital Age","codename":"humane_typography_in_the_digital_age","type":{"id":"3fee81cc-7995-5f7d-8798-06dcd791b7dc"},"collection":{"id":"00000000-0000-0000-0000-000000000000"},"sitemap_locations":[],"last_modified":"2022-02-08T08:09:29.8572242Z"},{"id":"e6d048ab-bab5-45ed-96a6-41959fc3518c","name":"Upgraded to Gatsby v2","codename":"upgraded_to_gatsby_v2","type":{"id":"3fee81cc-7995-5f7d-8798-06dcd791b7dc"},"collection":{"id":"00000000-0000-0000-0000-000000000000"},"sitemap_locations":[],"last_modified":"2022-02-08T08:09:30.0915935Z"}]