[{"id":"3fee81cc-7995-5f7d-8798-06dcd791b7dc","codename":"article","last_modified":"2022-02-08T08:10:35.6433235Z","external_id":"1f19c9de-51a2-55bd-96c5-dfab198a4e2d","name":"Article","content_groups":[],"elements":[{"maximum_text_length":null,"validation_regex":null,"name":"Title","guidelines":null,"is_required":true,"type":"text","external_id":"c9303ea0-8bae-5899-a90f-5360cbb88051","id":"fe8027f4-6441-5dc5-b91f-6b29959464f6","codename":"title"},{"maximum_text_length":null,"validation_regex":null,"name":"Content","guidelines":null,"is_required":false,"type":"text","external_id":"ae39552a-a464-5e99-ab2b-790e8d24a96c","id":"65d62be3-6bb6-53a3-add3-82374048c7b2","codename":"content"},{"name":"Date","guidelines":null,"is_required":true,"type":"date_time","external_id":"3beb2edb-b3bf-5ac9-8c7c-1d5ead2869ec","id":"f6daee58-63ab-5396-b543-2ca5f1abc73f","codename":"date"},{"depends_on":{"element":{"id":"fe8027f4-6441-5dc5-b91f-6b29959464f6"}},"name":"Slug","guidelines":null,"is_required":false,"type":"url_slug","external_id":"3469a1e2-822d-5805-a93b-fca49b785092","id":"121ec1d4-bd16-58a1-a205-4cdc000bfd30","codename":"slug"}]}]