[{"elements":[{"element":{"id":"fe8027f4-6441-5dc5-b91f-6b29959464f6"},"value":"Perfecting the Art of Perfection"},{"element":{"id":"65d62be3-6bb6-53a3-add3-82374048c7b2"},"value":"Quisque cursus, metus vitae pharetra auctor, sem massa mattis sem, at interdum magna augue eget diam. Vestibulum ante ipsum primis in faucibus orci luctus et ultrices posuere cubilia Curae; Morbi lacinia molestie dui. Praesent blandit dolor. Sed non quam. In vel mi sit amet augue congue elementum."},{"element":{"id":"f6daee58-63ab-5396-b543-2ca5f1abc73f"},"value":"2020-03-14T00:00:00Z"},{"mode":"autogenerated","element":{"id":"121ec1d4-bd16-58a1-a205-4cdc000bfd30"},"value":"perfecting-the-art-of-perfection"}],"workflow_step":{"id":"c199950d-99f0-4983-b711-6c4c91624b22"},"item":{"id":"5b01a3f4-1048-4d84-82b4-7aa34a6f68a6"},"language":{"id":"00000000-0000-0000-0000-000000000000"},"last_modified":"2022-02-08T08:09:30.6072392Z"},{"elements":[{"element":{"id":"fe8027f4-6441-5dc5-b91f-6b29959464f6"},"value":"The Origins of Social Stationery Lettering"},{"element":{"id":"65d62be3-6bb6-53a3-add3-82374048c7b2"},"value":"Pellentesque habitant morbi tristique senectus et netus et malesuada fames ac turpis egestas. Vestibulum tortor quam, feugiat vitae, ultricies eget, tempor sit amet, ante."},{"element":{"id":"f6daee58-63ab-5396-b543-2ca5f1abc73f"},"value":"2020-03-25T00:00:00Z"},{"mode":"autogenerated","element":{"id":"121ec1d4-bd16-58a1-a205-4cdc000bfd30"},"value":"the-origins-of-social-stationery-lettering"}],"workflow_step":{"id":"c199950d-99f0-4983-b711-6c4c91624b22"},"item":{"id":"bab44959-f78a-4c92-87e9-94329a5f3532"},"language":{"id":"00000000-0000-0000-0000-000000000000"},"last_modified":"2022-02-08T08:09:31.6228535Z"},{"elements":[{"element":{"id":"fe8027f4-6441-5dc5-b91f-6b29959464f6"},"value":"A Brief History of Typography"},{"element":{"id":"65d62be3-6bb6-53a3-add3-82374048c7b2"},"value":"Morbi in sem quis dui placerat ornare. Pellentesque odio nisi, euismod in, pharetra a, ultricies in, diam. Sed arcu. Cras consequat."},{"element":{"id":"f6daee58-63ab-5396-b543-2ca5f1abc73f"},"value":"2020-03-18T00:00:00Z"},{"mode":"autogenerated","element":{"id":"121ec1d4-bd16-58a1-a205-4cdc000bfd30"},"value":"a-brief-history-of-typography"}],"workflow_step":{"id":"c199950d-99f0-4983-b711-6c4c91624b22"},"item":{"id":"285e4694-636d-46c7-b7c4-b3f6b36abe85"},"language":{"id":"00000000-0000-0000-0000-000000000000"},"last_modified":"2022-02-08T08:09:31.9509603Z"},{"elements":[{"element":{"id":"fe8027f4-6441-5dc5-b91f-6b29959464f6"},"value":"Humane Typography in the Digital Age"},{"element":{"id":"65d62be3-6bb6-53a3-add3-82374048c7b2"},"value":"An Essay on Typography by Eric Gill takes the reader back to the year 1930. The year when a conflict between two worlds came to its term. The machines of the industrial world finally took over the handicrafts."},{"element":{"id":"f6daee58-63ab-5396-b543-2ca5f1abc73f"},"value":"2020-03-03T00:00:00Z"},{"mode":"autogenerated","element":{"id":"121ec1d4-bd16-58a1-a205-4cdc000bfd30"},"value":"humane-typography-in-the-digital-age"}],"workflow_step":{"id":"c199950d-99f0-4983-b711-6c4c91624b22"},"item":{"id":"104741d3-4c5e-492d-bdbb-255ab5e86f0f"},"language":{"id":"00000000-0000-0000-0000-000000000000"},"last_modified":"2022-02-08T08:09:32.2478354Z"},{"elements":[{"element":{"id":"fe8027f4-6441-5dc5-b91f-6b29959464f6"},"value":"Lidská typografie v digitálním věku"},{"element":{"id":"65d62be3-6bb6-53a3-add3-82374048c7b2"},"value":"Esej o typografii Eric Gill vezme čtenáře zpět do roku 1930. Rok, kdy došlo ke konfliktu mezi dvěma světy. Stroje průmyslového světa nakonec převzaly řemesla."},{"element":{"id":"f6daee58-63ab-5396-b543-2ca5f1abc73f"},"value":"2020-03-23T00:00:00Z"},{"mode":"autogenerated","element":{"id":"121ec1d4-bd16-58a1-a205-4cdc000bfd30"},"value":"lidska-typografie-v-digitalnim-veku"}],"workflow_step":{"id":"eee6db3b-545a-4785-8e86-e3772c8756f9"},"item":{"id":"104741d3-4c5e-492d-bdbb-255ab5e86f0f"},"language":{"id":"27fe9913-f00c-44e8-880b-f1680efacfcd"},"last_modified":"2022-02-08T08:09:32.9040993Z"},{"elements":[{"element":{"id":"fe8027f4-6441-5dc5-b91f-6b29959464f6"},"value":"Upgraded to Gatsby v2"},{"element":{"id":"65d62be3-6bb6-53a3-add3-82374048c7b2"},"value":"This starter has been forked and upgraded to Gatsby v2"},{"element":{"id":"f6daee58-63ab-5396-b543-2ca5f1abc73f"},"value":"2020-02-29T00:00:00Z"},{"mode":"autogenerated","element":{"id":"121ec1d4-bd16-58a1-a205-4cdc000bfd30"},"value":"upgraded-to-gatsby-v2"}],"workflow_step":{"id":"c199950d-99f0-4983-b711-6c4c91624b22"},"item":{"id":"e6d048ab-bab5-45ed-96a6-41959fc3518c"},"language":{"id":"00000000-0000-0000-0000-000000000000"},"last_modified":"2022-02-08T08:09:32.5447135Z"}]