[{"folder":{"id":"0031469e-595e-5e8b-91a0-103f1569c613"},"id":"2daeeae5-9361-4fbf-b692-e4745960cd47","file_name":"1.jpg","title":null,"size":129096,"type":"image/jpeg","url":"https://assets-us-01.kc-usercontent.com/450f9e6a-bb20-000a-eb93-9db78f0d98ca/af7d26bd-0c1c-4bf2-8b59-5d023c884956/1.jpg","image_width":1800,"image_height":1200,"file_reference":{"id":"af7d26bd-0c1c-4bf2-8b59-5d023c884956","type":"internal"},"descriptions":[{"language":{"id":"00000000-0000-0000-0000-000000000000"},"description":null},{"language":{"id":"91a0263d-3826-41d3-8fe7-554ce858a2c1"},"description":null}],"last_modified":"2020-09-07T15:14:00.862756Z"},{"folder":{"id":"0740d726-b6cc-5c39-96b0-812a800eb488"},"id":"2ff1f255-0f0f-4a7c-96aa-5c1460031f8b","file_name":"1.jpg","title":null,"size":126460,"type":"image/jpeg","url":"https://assets-us-01.kc-usercontent.com/450f9e6a-bb20-000a-eb93-9db78f0d98ca/6a9e99e5-67a6-4522-acbf-69884c200b84/1.jpg","image_width":1260,"image_height":945,"file_reference":{"id":"6a9e99e5-67a6-4522-acbf-69884c200b84","type":"internal"},"descriptions":[{"language":{"id":"00000000-0000-0000-0000-000000000000"},"description":"Donec eu libero sit amet quam egestas semper. Aenean ultricies mi vitae est. Mauris placerat eleifend leo. Quisque sit amet est et sapien ullamcorper pharetra. Vestibulum erat wisi, condimentum sed, commodo vitae, ornare sit amet, wisi."},{"language":{"id":"91a0263d-3826-41d3-8fe7-554ce858a2c1"},"description":null}],"last_modified":"2020-09-07T15:14:01.8628224Z"},{"folder":{"id":"d2824f78-b596-50f0-957c-c7662b2771d3"},"id":"3d853346-d172-4710-a841-19ebe65eac4e","file_name":"movable-type.jpg","title":null,"size":967930,"type":"image/jpeg","url":"https://assets-us-01.kc-usercontent.com/450f9e6a-bb20-000a-eb93-9db78f0d98ca/410d0c42-d800-4472-9e14-e1f312319857/movable-type.jpg","image_width":2288,"image_height":1520,"file_reference":{"id":"410d0c42-d800-4472-9e14-e1f312319857","type":"internal"},"descriptions":[{"language":{"id":"00000000-0000-0000-0000-000000000000"},"description":"Movable metal type, and composing stick, descended from Gutenberg's press. Photo by Willi Heidelbach. Licensed under CC BY 2.5"},{"language":{"id":"91a0263d-3826-41d3-8fe7-554ce858a2c1"},"description":null}],"last_modified":"2020-09-07T15:13:59.4720946Z"},{"folder":{"id":"eabcfcf4-95a1-5fb6-b03a-8e516f519ef9"},"id":"646e2230-e851-4cbc-9a07-99a36e0be1f3","file_name":"1.jpg","title":null,"size":830500,"type":"image/jpeg","url":"https://assets-us-01.kc-usercontent.com/450f9e6a-bb20-000a-eb93-9db78f0d98ca/67f8b0e7-1b19-47f9-9b8c-fbb826a09821/1.jpg","image_width":1800,"image_height":1200,"file_reference":{"id":"67f8b0e7-1b19-47f9-9b8c-fbb826a09821","type":"internal"},"descriptions":[{"language":{"id":"00000000-0000-0000-0000-000000000000"},"description":"Nulla faucibus vestibulum eros in tempus. Vestibulum tempor imperdiet velit nec dapibus"},{"language":{"id":"91a0263d-3826-41d3-8fe7-554ce858a2c1"},"description":null}],"last_modified":"2020-09-07T15:13:58.0970358Z"},{"folder":{"id":"6ed2eeea-c951-5646-b906-40f531a473d4"},"id":"6694f0ed-9087-4938-955a-53d4a1f1a036","file_name":"type-through-time.jpg","title":null,"size":88921,"type":"image/jpeg","url":"https://assets-us-01.kc-usercontent.com/450f9e6a-bb20-000a-eb93-9db78f0d98ca/17474162-a04d-4fce-bf9b-97322c9400ff/type-through-time.jpg","image_width":1250,"image_height":250,"file_reference":{"id":"17474162-a04d-4fce-bf9b-97322c9400ff","type":"internal"},"descriptions":[{"language":{"id":"00000000-0000-0000-0000-000000000000"},"description":"Type through 5 centuries."},{"language":{"id":"91a0263d-3826-41d3-8fe7-554ce858a2c1"},"description":null}],"last_modified":"2020-09-07T15:14:02.4253668Z"},{"folder":{"id":"6ed2eeea-c951-5646-b906-40f531a473d4"},"id":"7d53ceca-6920-49a7-a580-6135c73e21fa","file_name":"42-line-bible.jpg","title":null,"size":114722,"type":"image/jpeg","url":"https://assets-us-01.kc-usercontent.com/450f9e6a-bb20-000a-eb93-9db78f0d98ca/b94a4bd9-6ac0-4954-a121-cc14308d27b0/42-line-bible.jpg","image_width":800,"image_height":550,"file_reference":{"id":"b94a4bd9-6ac0-4954-a121-cc14308d27b0","type":"internal"},"descriptions":[{"language":{"id":"00000000-0000-0000-0000-000000000000"},"description":"The 42–Line Bible, printed by Gutenberg."},{"language":{"id":"91a0263d-3826-41d3-8fe7-554ce858a2c1"},"description":null}],"last_modified":"2020-09-07T15:14:00.0045718Z"},{"folder":{"id":"e11f8d57-3cc8-5456-b00d-158455ab15c3"},"id":"b4425b44-5d34-4131-ae00-8b632a387de8","file_name":"1.jpg","title":null,"size":544520,"type":"image/jpeg","url":"https://assets-us-01.kc-usercontent.com/450f9e6a-bb20-000a-eb93-9db78f0d98ca/11c1fea0-2c7c-430c-b9c7-151220429fb5/1.jpg","image_width":1800,"image_height":1350,"file_reference":{"id":"11c1fea0-2c7c-430c-b9c7-151220429fb5","type":"internal"},"descriptions":[{"language":{"id":"00000000-0000-0000-0000-000000000000"},"description":"Donec eu libero sit amet quam egestas semper. Aenean ultricies mi vitae est. Mauris placerat eleifend leo. Quisque sit amet est et sapien ullamcorper pharetra. Vestibulum erat wisi, condimentum sed, commodo vitae, ornare sit amet, wisi."},{"language":{"id":"91a0263d-3826-41d3-8fe7-554ce858a2c1"},"description":null}],"last_modified":"2020-09-07T15:13:57.0181988Z"},{"folder":{"id":"afd21336-8211-5de5-8bee-a1107d988bde"},"id":"ce3dda3a-6bc5-48f7-8957-e39115227223","file_name":"radek.jpg","title":null,"size":139724,"type":"image/jpeg","url":"https://assets-us-01.kc-usercontent.com/450f9e6a-bb20-000a-eb93-9db78f0d98ca/2be77cc5-b36e-432b-ba9b-c239edc43c64/radek.jpg","image_width":1000,"image_height":1000,"file_reference":{"id":"2be77cc5-b36e-432b-ba9b-c239edc43c64","type":"internal"},"descriptions":[{"language":{"id":"00000000-0000-0000-0000-000000000000"},"description":null},{"language":{"id":"91a0263d-3826-41d3-8fe7-554ce858a2c1"},"description":null}],"last_modified":"2020-09-07T15:14:01.4253023Z"},{"folder":{"id":"8ac76d99-0b79-5be4-a5c2-5cfe6e43fb6a"},"id":"fafaf09a-e30b-4f36-a419-85839dd6a7b3","file_name":"1.jpg","title":null,"size":129096,"type":"image/jpeg","url":"https://assets-us-01.kc-usercontent.com/450f9e6a-bb20-000a-eb93-9db78f0d98ca/da78bec4-62ff-4426-b8bd-6c8e314c7e11/1.jpg","image_width":1800,"image_height":1200,"file_reference":{"id":"da78bec4-62ff-4426-b8bd-6c8e314c7e11","type":"internal"},"descriptions":[{"language":{"id":"00000000-0000-0000-0000-000000000000"},"description":null},{"language":{"id":"91a0263d-3826-41d3-8fe7-554ce858a2c1"},"description":null}],"last_modified":"2020-09-07T15:14:00.4408912Z"}]