[{"id":"285fa9ca-98d2-4029-808f-e02d25b8843b","name":"Open source","codename":"open_source","type":{"id":"8c06a8ac-3a77-5743-8357-26c4ee5158be"},"sitemap_locations":[],"last_modified":"2020-09-07T15:14:06.6348235Z"},{"id":"832667b5-f205-44ba-907f-5a4ca8336d85","name":"Gatsby","codename":"gatsby","type":{"id":"8c06a8ac-3a77-5743-8357-26c4ee5158be"},"sitemap_locations":[],"last_modified":"2020-09-07T15:14:06.9342916Z"},{"id":"f681dccf-e456-4ae1-97b8-2c6b15b22a11","name":"Typography","codename":"typography_8ac2339","type":{"id":"8c06a8ac-3a77-5743-8357-26c4ee5158be"},"sitemap_locations":[],"last_modified":"2020-09-07T15:34:18.3879926Z"},{"id":"11a807d8-81d1-480d-be1b-1fd50c954095","name":"Design","codename":"design","type":{"id":"8c06a8ac-3a77-5743-8357-26c4ee5158be"},"sitemap_locations":[],"last_modified":"2020-09-07T15:34:11.9636234Z"},{"id":"07caabe7-8999-4327-af54-7bad1c92145e","name":"Web Development","codename":"web_development","type":{"id":"8c06a8ac-3a77-5743-8357-26c4ee5158be"},"sitemap_locations":[],"last_modified":"2020-09-07T15:14:07.7939044Z"},{"id":"56b758f5-f862-4fbf-9927-541d8b21167a","name":"Handwriting","codename":"handwriting","type":{"id":"8c06a8ac-3a77-5743-8357-26c4ee5158be"},"sitemap_locations":[],"last_modified":"2020-09-07T15:14:08.6064548Z"},{"id":"217e1a20-42d2-4381-95a9-71482227e446","name":"Learning to write","codename":"learning_to_write","type":{"id":"8c06a8ac-3a77-5743-8357-26c4ee5158be"},"sitemap_locations":[],"last_modified":"2020-09-07T15:14:08.8720974Z"},{"id":"ab70b2aa-e2f5-467e-9460-414117f1cf4f","name":"Typefaces","codename":"typefaces","type":{"id":"8c06a8ac-3a77-5743-8357-26c4ee5158be"},"sitemap_locations":[],"last_modified":"2020-09-07T15:14:09.137704Z"},{"id":"2bffba4d-9935-456c-b790-f888deff903a","name":"Lettering","codename":"lettering","type":{"id":"8c06a8ac-3a77-5743-8357-26c4ee5158be"},"sitemap_locations":[],"last_modified":"2020-09-07T15:14:09.4189679Z"},{"id":"4390aa8b-2f84-44bc-9850-329ee1aac630","name":"History","codename":"history","type":{"id":"8c06a8ac-3a77-5743-8357-26c4ee5158be"},"sitemap_locations":[],"last_modified":"2020-09-07T15:14:09.6845753Z"},{"id":"90003ad2-ff48-434d-b3f2-b14deeac02ac","name":"Perfecting the Art of Perfection","codename":"perfecting_the_art_of_perfection","type":{"id":"1f19c9de-51a2-55bd-96c5-dfab198a4e2d"},"sitemap_locations":[],"last_modified":"2020-09-07T15:14:04.4159751Z"},{"id":"d8d540aa-628b-4cf9-b94b-0444d3d98c8f","name":"The Origins of Social Stationery Lettering","codename":"the_origins_of_social_stationery_lettering","type":{"id":"1f19c9de-51a2-55bd-96c5-dfab198a4e2d"},"sitemap_locations":[],"last_modified":"2020-09-07T15:14:04.697258Z"},{"id":"acf2215d-dd97-4332-8190-78fe16f1ec11","name":"A Brief History of Typography","codename":"a_brief_history_of_typography","type":{"id":"1f19c9de-51a2-55bd-96c5-dfab198a4e2d"},"sitemap_locations":[],"last_modified":"2020-09-08T10:43:39.501603Z"},{"id":"069afc21-d30e-49b0-943c-8f985754f9c1","name":"Humane Typography in the Digital Age","codename":"humane_typography_in_the_digital_age","type":{"id":"1f19c9de-51a2-55bd-96c5-dfab198a4e2d"},"sitemap_locations":[],"last_modified":"2020-09-07T15:14:05.259739Z"},{"id":"f174d253-449c-4eb1-af55-8681215fca6e","name":"Upgraded to Gatsby v2","codename":"upgraded_to_gatsby_v2","type":{"id":"1f19c9de-51a2-55bd-96c5-dfab198a4e2d"},"sitemap_locations":[],"last_modified":"2020-09-07T15:14:05.5253717Z"}]