[{"id":"1f19c9de-51a2-55bd-96c5-dfab198a4e2d","codename":"article","last_modified":"2020-09-09T10:35:31.7678055Z","external_id":"e97ec6dc-1531-4b29-a84b-b17a85e79f05","name":"Article","content_groups":[],"elements":[{"maximum_text_length":null,"name":"Title","guidelines":null,"is_required":true,"type":"text","external_id":"c851dd90-d897-4c31-b652-ad6f4b924f3f","id":"c9303ea0-8bae-5899-a90f-5360cbb88051","codename":"title"},{"maximum_text_length":null,"name":"Content","guidelines":null,"is_required":false,"type":"text","external_id":"6b780443-1d56-498a-b48c-25d0da41f1df","id":"ae39552a-a464-5e99-ab2b-790e8d24a96c","codename":"content"},{"name":"Date","guidelines":null,"is_required":true,"type":"date_time","external_id":"29d0c15f-9b3f-4211-be9d-18c8819bfe77","id":"3beb2edb-b3bf-5ac9-8c7c-1d5ead2869ec","codename":"date"},{"item_count_limit":null,"allowed_content_types":[{"id":"8c06a8ac-3a77-5743-8357-26c4ee5158be"}],"name":"Tags","guidelines":null,"is_required":true,"type":"modular_content","external_id":"0e1a80dc-0768-458b-8039-dcdcad7fca16","id":"612e19d3-6d26-582c-947f-f8ff023b1f76","codename":"tags"},{"depends_on":{"element":{"id":"c9303ea0-8bae-5899-a90f-5360cbb88051"}},"name":"Slug","guidelines":null,"is_required":false,"type":"url_slug","external_id":"0bc7d2a4-1d6a-4e47-93bb-0bf8a2422b0c","id":"3469a1e2-822d-5805-a93b-fca49b785092","codename":"slug"}]},{"id":"8c06a8ac-3a77-5743-8357-26c4ee5158be","codename":"tag","last_modified":"2020-09-07T15:13:55.111823Z","external_id":"92353f19-a4a1-45f0-8523-f7d71ee994d5","name":"Tag","content_groups":[],"elements":[{"maximum_text_length":null,"name":"Title","guidelines":null,"is_required":true,"type":"text","external_id":"dd2cf358-0359-4340-82fa-8352a2022efb","id":"d0f41945-e215-5909-b01e-5cd98080d9b8","codename":"title"},{"depends_on":{"element":{"id":"d0f41945-e215-5909-b01e-5cd98080d9b8"}},"name":"Slug","guidelines":null,"is_required":true,"type":"url_slug","external_id":"70cdc258-c179-4f01-a814-330ab3e8a706","id":"0ca00763-cf16-573c-b3f2-cdf2aaad4b9e","codename":"slug"}]}]