[{"elements":[{"element":{"id":"c9303ea0-8bae-5899-a90f-5360cbb88051"},"value":"Perfecting the Art of Perfection"},{"element":{"id":"ae39552a-a464-5e99-ab2b-790e8d24a96c"},"value":"Quisque cursus, metus vitae pharetra auctor, sem massa mattis sem, at interdum magna augue eget diam. Vestibulum ante ipsum primis in faucibus orci luctus et ultrices posuere cubilia Curae; Morbi lacinia molestie dui. Praesent blandit dolor. Sed non quam. In vel mi sit amet augue congue elementum."},{"element":{"id":"3beb2edb-b3bf-5ac9-8c7c-1d5ead2869ec"},"value":"2020-03-14T00:00:00Z"},{"element":{"id":"e553c3a8-ce8f-481f-8f7d-b8dbc5f4a73c"},"value":[{"id":"51888e2e-1aa4-43a7-9f7d-b7a776320733"}]},{"element":{"id":"612e19d3-6d26-582c-947f-f8ff023b1f76"},"value":[{"id":"56b758f5-f862-4fbf-9927-541d8b21167a"},{"id":"217e1a20-42d2-4381-95a9-71482227e446"}]},{"mode":"autogenerated","element":{"id":"3469a1e2-822d-5805-a93b-fca49b785092"},"value":"perfecting-the-art-of-perfection"}],"workflow_step":{"id":"c199950d-99f0-4983-b711-6c4c91624b22"},"item":{"id":"90003ad2-ff48-434d-b3f2-b14deeac02ac"},"language":{"id":"00000000-0000-0000-0000-000000000000"},"last_modified":"2020-09-07T15:23:48.2092521Z"},{"elements":[{"element":{"id":"c9303ea0-8bae-5899-a90f-5360cbb88051"},"value":"The Origins of Social Stationery Lettering"},{"element":{"id":"ae39552a-a464-5e99-ab2b-790e8d24a96c"},"value":"Pellentesque habitant morbi tristique senectus et netus et malesuada fames ac turpis egestas. Vestibulum tortor quam, feugiat vitae, ultricies eget, tempor sit amet, ante."},{"element":{"id":"3beb2edb-b3bf-5ac9-8c7c-1d5ead2869ec"},"value":"2020-03-25T00:00:00Z"},{"element":{"id":"e553c3a8-ce8f-481f-8f7d-b8dbc5f4a73c"},"value":[{"id":"51888e2e-1aa4-43a7-9f7d-b7a776320733"}]},{"element":{"id":"612e19d3-6d26-582c-947f-f8ff023b1f76"},"value":[{"id":"ab70b2aa-e2f5-467e-9460-414117f1cf4f"},{"id":"2bffba4d-9935-456c-b790-f888deff903a"},{"id":"4390aa8b-2f84-44bc-9850-329ee1aac630"}]},{"mode":"autogenerated","element":{"id":"3469a1e2-822d-5805-a93b-fca49b785092"},"value":"the-origins-of-social-stationery-lettering"}],"workflow_step":{"id":"c199950d-99f0-4983-b711-6c4c91624b22"},"item":{"id":"d8d540aa-628b-4cf9-b94b-0444d3d98c8f"},"language":{"id":"00000000-0000-0000-0000-000000000000"},"last_modified":"2020-09-07T15:24:31.3553502Z"},{"elements":[{"element":{"id":"c9303ea0-8bae-5899-a90f-5360cbb88051"},"value":"A Brief History of Typography"},{"element":{"id":"ae39552a-a464-5e99-ab2b-790e8d24a96c"},"value":"Morbi in sem quis dui placerat ornare. Pellentesque odio nisi, euismod in, pharetra a, ultricies in, diam. Sed arcu. Cras consequat."},{"element":{"id":"3beb2edb-b3bf-5ac9-8c7c-1d5ead2869ec"},"value":"2020-03-18T00:00:00Z"},{"element":{"id":"e553c3a8-ce8f-481f-8f7d-b8dbc5f4a73c"},"value":[{"id":"51888e2e-1aa4-43a7-9f7d-b7a776320733"}]},{"element":{"id":"612e19d3-6d26-582c-947f-f8ff023b1f76"},"value":[{"id":"ab70b2aa-e2f5-467e-9460-414117f1cf4f"},{"id":"56b758f5-f862-4fbf-9927-541d8b21167a"},{"id":"f681dccf-e456-4ae1-97b8-2c6b15b22a11"}]},{"mode":"autogenerated","element":{"id":"3469a1e2-822d-5805-a93b-fca49b785092"},"value":"a-brief-history-of-typography"}],"workflow_step":{"id":"c199950d-99f0-4983-b711-6c4c91624b22"},"item":{"id":"acf2215d-dd97-4332-8190-78fe16f1ec11"},"language":{"id":"00000000-0000-0000-0000-000000000000"},"last_modified":"2020-09-08T10:43:46.142563Z"},{"elements":[{"element":{"id":"c9303ea0-8bae-5899-a90f-5360cbb88051"},"value":"Humane Typography in the Digital Age"},{"element":{"id":"ae39552a-a464-5e99-ab2b-790e8d24a96c"},"value":"An Essay on Typography by Eric Gill takes the reader back to the year 1930. The year when a conflict between two worlds came to its term. The machines of the industrial world finally took over the handicrafts."},{"element":{"id":"3beb2edb-b3bf-5ac9-8c7c-1d5ead2869ec"},"value":"2020-03-03T00:00:00Z"},{"element":{"id":"e553c3a8-ce8f-481f-8f7d-b8dbc5f4a73c"},"value":[{"id":"ffe58b85-4d04-46d3-a076-484ecd27df07"}]},{"element":{"id":"612e19d3-6d26-582c-947f-f8ff023b1f76"},"value":[{"id":"f681dccf-e456-4ae1-97b8-2c6b15b22a11"},{"id":"11a807d8-81d1-480d-be1b-1fd50c954095"},{"id":"07caabe7-8999-4327-af54-7bad1c92145e"}]},{"mode":"autogenerated","element":{"id":"3469a1e2-822d-5805-a93b-fca49b785092"},"value":"humane-typography-in-the-digital-age"}],"workflow_step":{"id":"c199950d-99f0-4983-b711-6c4c91624b22"},"item":{"id":"069afc21-d30e-49b0-943c-8f985754f9c1"},"language":{"id":"00000000-0000-0000-0000-000000000000"},"last_modified":"2020-09-07T15:24:29.1677539Z"},{"elements":[{"element":{"id":"c9303ea0-8bae-5899-a90f-5360cbb88051"},"value":"Upgraded to Gatsby v2"},{"element":{"id":"ae39552a-a464-5e99-ab2b-790e8d24a96c"},"value":"This starter has been forked and upgraded to Gatsby v2"},{"element":{"id":"3beb2edb-b3bf-5ac9-8c7c-1d5ead2869ec"},"value":"2020-02-29T00:00:00Z"},{"element":{"id":"e553c3a8-ce8f-481f-8f7d-b8dbc5f4a73c"},"value":[{"id":"a72babca-f387-47cb-ab25-524829e9c5cf"}]},{"element":{"id":"612e19d3-6d26-582c-947f-f8ff023b1f76"},"value":[{"id":"285fa9ca-98d2-4029-808f-e02d25b8843b"},{"id":"832667b5-f205-44ba-907f-5a4ca8336d85"},{"id":"07caabe7-8999-4327-af54-7bad1c92145e"}]},{"mode":"autogenerated","element":{"id":"3469a1e2-822d-5805-a93b-fca49b785092"},"value":"upgraded-to-gatsby-v2"}],"workflow_step":{"id":"c199950d-99f0-4983-b711-6c4c91624b22"},"item":{"id":"f174d253-449c-4eb1-af55-8681215fca6e"},"language":{"id":"00000000-0000-0000-0000-000000000000"},"last_modified":"2020-09-07T15:23:29.2881723Z"},{"elements":[{"element":{"id":"c9303ea0-8bae-5899-a90f-5360cbb88051"},"value":"Lidská typografie v digitálním věku"},{"element":{"id":"ae39552a-a464-5e99-ab2b-790e8d24a96c"},"value":"Esej o typografii Eric Gill vezme čtenáře zpět do roku 1930. Rok, kdy došlo ke konfliktu mezi dvěma světy. Stroje průmyslového světa nakonec převzaly řemesla."},{"element":{"id":"3beb2edb-b3bf-5ac9-8c7c-1d5ead2869ec"},"value":"2020-03-23T00:00:00Z"},{"element":{"id":"e553c3a8-ce8f-481f-8f7d-b8dbc5f4a73c"},"value":[{"id":"ffe58b85-4d04-46d3-a076-484ecd27df07"}]},{"element":{"id":"612e19d3-6d26-582c-947f-f8ff023b1f76"},"value":[{"id":"f681dccf-e456-4ae1-97b8-2c6b15b22a11"},{"id":"11a807d8-81d1-480d-be1b-1fd50c954095"},{"id":"07caabe7-8999-4327-af54-7bad1c92145e"}]},{"mode":"autogenerated","element":{"id":"3469a1e2-822d-5805-a93b-fca49b785092"},"value":"lidska-typografie-v-digitalnim-veku"}],"workflow_step":{"id":"c199950d-99f0-4983-b711-6c4c91624b22"},"item":{"id":"069afc21-d30e-49b0-943c-8f985754f9c1"},"language":{"id":"91a0263d-3826-41d3-8fe7-554ce858a2c1"},"last_modified":"2020-09-07T16:11:44.4148355Z"},{"elements":[{"element":{"id":"d0f41945-e215-5909-b01e-5cd98080d9b8"},"value":"Open source"},{"mode":"autogenerated","element":{"id":"0ca00763-cf16-573c-b3f2-cdf2aaad4b9e"},"value":"open-source"}],"workflow_step":{"id":"c199950d-99f0-4983-b711-6c4c91624b22"},"item":{"id":"285fa9ca-98d2-4029-808f-e02d25b8843b"},"language":{"id":"00000000-0000-0000-0000-000000000000"},"last_modified":"2020-09-07T15:14:12.8722135Z"},{"elements":[{"element":{"id":"d0f41945-e215-5909-b01e-5cd98080d9b8"},"value":"Gatsby"},{"mode":"autogenerated","element":{"id":"0ca00763-cf16-573c-b3f2-cdf2aaad4b9e"},"value":"gatsby"}],"workflow_step":{"id":"c199950d-99f0-4983-b711-6c4c91624b22"},"item":{"id":"832667b5-f205-44ba-907f-5a4ca8336d85"},"language":{"id":"00000000-0000-0000-0000-000000000000"},"last_modified":"2020-09-07T15:14:13.3254267Z"},{"elements":[{"element":{"id":"d0f41945-e215-5909-b01e-5cd98080d9b8"},"value":"Typography"},{"mode":"autogenerated","element":{"id":"0ca00763-cf16-573c-b3f2-cdf2aaad4b9e"},"value":"typography"}],"workflow_step":{"id":"c199950d-99f0-4983-b711-6c4c91624b22"},"item":{"id":"f681dccf-e456-4ae1-97b8-2c6b15b22a11"},"language":{"id":"00000000-0000-0000-0000-000000000000"},"last_modified":"2020-09-07T15:14:13.7628799Z"},{"elements":[{"element":{"id":"d0f41945-e215-5909-b01e-5cd98080d9b8"},"value":"Design"},{"mode":"autogenerated","element":{"id":"0ca00763-cf16-573c-b3f2-cdf2aaad4b9e"},"value":"design"}],"workflow_step":{"id":"c199950d-99f0-4983-b711-6c4c91624b22"},"item":{"id":"11a807d8-81d1-480d-be1b-1fd50c954095"},"language":{"id":"00000000-0000-0000-0000-000000000000"},"last_modified":"2020-09-07T15:14:14.2164674Z"},{"elements":[{"element":{"id":"d0f41945-e215-5909-b01e-5cd98080d9b8"},"value":"Web Development"},{"mode":"autogenerated","element":{"id":"0ca00763-cf16-573c-b3f2-cdf2aaad4b9e"},"value":"web-development"}],"workflow_step":{"id":"c199950d-99f0-4983-b711-6c4c91624b22"},"item":{"id":"07caabe7-8999-4327-af54-7bad1c92145e"},"language":{"id":"00000000-0000-0000-0000-000000000000"},"last_modified":"2020-09-07T15:14:14.6692243Z"},{"elements":[{"element":{"id":"d0f41945-e215-5909-b01e-5cd98080d9b8"},"value":"Handwriting"},{"mode":"autogenerated","element":{"id":"0ca00763-cf16-573c-b3f2-cdf2aaad4b9e"},"value":"handwriting"}],"workflow_step":{"id":"c199950d-99f0-4983-b711-6c4c91624b22"},"item":{"id":"56b758f5-f862-4fbf-9927-541d8b21167a"},"language":{"id":"00000000-0000-0000-0000-000000000000"},"last_modified":"2020-09-07T15:14:15.1223161Z"},{"elements":[{"element":{"id":"d0f41945-e215-5909-b01e-5cd98080d9b8"},"value":"Learning to write"},{"mode":"autogenerated","element":{"id":"0ca00763-cf16-573c-b3f2-cdf2aaad4b9e"},"value":"learning-to-write"}],"workflow_step":{"id":"c199950d-99f0-4983-b711-6c4c91624b22"},"item":{"id":"217e1a20-42d2-4381-95a9-71482227e446"},"language":{"id":"00000000-0000-0000-0000-000000000000"},"last_modified":"2020-09-07T15:14:15.5754784Z"},{"elements":[{"element":{"id":"d0f41945-e215-5909-b01e-5cd98080d9b8"},"value":"Typefaces"},{"mode":"autogenerated","element":{"id":"0ca00763-cf16-573c-b3f2-cdf2aaad4b9e"},"value":"typefaces"}],"workflow_step":{"id":"c199950d-99f0-4983-b711-6c4c91624b22"},"item":{"id":"ab70b2aa-e2f5-467e-9460-414117f1cf4f"},"language":{"id":"00000000-0000-0000-0000-000000000000"},"last_modified":"2020-09-07T15:14:15.9973489Z"},{"elements":[{"element":{"id":"d0f41945-e215-5909-b01e-5cd98080d9b8"},"value":"Lettering"},{"mode":"autogenerated","element":{"id":"0ca00763-cf16-573c-b3f2-cdf2aaad4b9e"},"value":"lettering"}],"workflow_step":{"id":"c199950d-99f0-4983-b711-6c4c91624b22"},"item":{"id":"2bffba4d-9935-456c-b790-f888deff903a"},"language":{"id":"00000000-0000-0000-0000-000000000000"},"last_modified":"2020-09-07T15:14:16.4348666Z"},{"elements":[{"element":{"id":"d0f41945-e215-5909-b01e-5cd98080d9b8"},"value":"History"},{"mode":"autogenerated","element":{"id":"0ca00763-cf16-573c-b3f2-cdf2aaad4b9e"},"value":"history"}],"workflow_step":{"id":"c199950d-99f0-4983-b711-6c4c91624b22"},"item":{"id":"4390aa8b-2f84-44bc-9850-329ee1aac630"},"language":{"id":"00000000-0000-0000-0000-000000000000"},"last_modified":"2020-09-07T15:14:16.8880149Z"}]