[{"id":"d32b8ad5-0cf4-47a8-8b53-ed4a1e80dc88","file_name":"Yprofile.jpg","title":"Ondřej Chrastina","size":37632,"type":"image/jpeg","url":"https://assets-us-01.kc-usercontent.com/0fe3ab32-97a8-005d-6928-eda983ea70a5/44299668-b37b-4224-a115-1fd66f7d7b36/Yprofile.jpg","image_width":500,"image_height":500,"file_reference":{"id":"44299668-b37b-4224-a115-1fd66f7d7b36","type":"internal"},"descriptions":[{"language":{"id":"00000000-0000-0000-0000-000000000000"},"description":null}],"last_modified":"2020-08-14T12:13:24.4843442Z"},{"id":"f89e216c-db65-4607-8776-72908d9ceeb4","file_name":"clovek_1[1].jpg","title":null,"size":139750,"type":"image/jpeg","url":"https://assets-us-01.kc-usercontent.com/0fe3ab32-97a8-005d-6928-eda983ea70a5/350fbb4b-07bc-4362-b580-8eca92290fc9/clovek_1[1].jpg","image_width":1000,"image_height":1000,"file_reference":{"id":"350fbb4b-07bc-4362-b580-8eca92290fc9","type":"internal"},"descriptions":[{"language":{"id":"00000000-0000-0000-0000-000000000000"},"description":null}],"last_modified":"2020-08-13T18:24:13.6727708Z"}]