[{"id":"e72461f6-49d6-4308-8250-0b6e36cec15d","name":"Ondřej Chrastina","codename":"ondrej_chrastina","type":{"id":"0a61c655-e8be-4073-8b16-8066b6dc47a0"},"sitemap_locations":[],"last_modified":"2020-08-13T18:27:14.9329538Z"},{"id":"884bd3cf-98b6-438e-b50d-a593a3bad623","name":"ondrej.chrastina.tech","codename":"ondrej_chrastina_tech","type":{"id":"4102d674-9899-45a4-b81e-d9b8edbb77c4"},"sitemap_locations":[],"last_modified":"2020-08-14T13:18:13.858424Z"},{"id":"16ec0ca3-8525-4154-ba84-0bb7ec712bf6","name":"Simply007/kontent-gatsby-benchmark","codename":"simply007_kontent_gatsby_benchmark","type":{"id":"81562526-d233-4f53-a174-bae57a26c976"},"sitemap_locations":[],"last_modified":"2020-08-14T12:19:40.5439642Z"},{"id":"2b805947-7ca5-4e6a-baa5-734a91f3cfa2","name":"John Doe","codename":"john_doe","type":{"id":"0a61c655-e8be-4073-8b16-8066b6dc47a0"},"sitemap_locations":[],"last_modified":"2020-08-13T18:33:26.5973954Z"},{"id":"4a352a95-454f-42ab-888c-a614f4ff7b35","name":"Kentico/kontent-gatsby-packages","codename":"kentico_kontent_gatsby_packages_","type":{"id":"81562526-d233-4f53-a174-bae57a26c976"},"sitemap_locations":[],"last_modified":"2020-08-14T09:12:46.6300701Z"},{"id":"09d774d5-46ba-4625-9aca-3e3eb0c21a41","name":"kentico.github.io","codename":"kentico_github_io","type":{"id":"4102d674-9899-45a4-b81e-d9b8edbb77c4"},"sitemap_locations":[],"last_modified":"2020-08-14T08:56:28.1866855Z"},{"id":"1406c6d0-c198-4071-8aa6-ef15aaf25638","name":"kentico.github.io/kontent-template-manager","codename":"https___kentico_github_io_kontent_template_manager","type":{"id":"4102d674-9899-45a4-b81e-d9b8edbb77c4"},"sitemap_locations":[],"last_modified":"2020-08-14T09:12:26.458199Z"},{"id":"aaafd543-3dd9-414b-993f-f7429ed1f25d","name":"Simply007/Simply007.github.io","codename":"simply007_simply007_github_io","type":{"id":"81562526-d233-4f53-a174-bae57a26c976"},"sitemap_locations":[],"last_modified":"2020-08-14T08:59:22.639264Z"},{"id":"57a5bf8b-50a9-4dae-8745-3ee84c869a2a","name":"Kentico/kentico.github.io","codename":"kentico_kentico_github_io","type":{"id":"81562526-d233-4f53-a174-bae57a26c976"},"sitemap_locations":[],"last_modified":"2020-08-14T09:01:25.8679513Z"},{"id":"ac0ffc06-7da2-4f72-8c14-3f8b5742bdff","name":"Kentico/kontent-template-manager","codename":"kentico_kontent_template_manager","type":{"id":"81562526-d233-4f53-a174-bae57a26c976"},"sitemap_locations":[],"last_modified":"2020-08-14T09:04:28.711716Z"}]