[{"id":"81562526-d233-4f53-a174-bae57a26c976","codename":"repository","last_modified":"2020-08-13T18:22:26.3253262Z","name":"Repository","content_groups":[],"elements":[{"maximum_text_length":null,"name":"Name","guidelines":null,"is_required":false,"type":"text","id":"01dbdbe6-e936-44b5-8ee2-e76d529a1fdf","codename":"name"},{"maximum_text_length":null,"name":"Summary","guidelines":null,"is_required":false,"type":"text","id":"f02d45e6-5f45-439c-85a4-eb310a9a87c5","codename":"summary"},{"maximum_text_length":null,"name":"URL","guidelines":null,"is_required":false,"type":"text","id":"f1bfe104-3e52-4efc-b9d2-ffefb2d894d3","codename":"url"},{"depends_on":{"element":{"id":"01dbdbe6-e936-44b5-8ee2-e76d529a1fdf"}},"name":"Slug","guidelines":null,"is_required":false,"type":"url_slug","id":"7dc70fe6-25d2-48ba-a487-10f8cac91fd5","codename":"slug"}]},{"id":"4102d674-9899-45a4-b81e-d9b8edbb77c4","codename":"website","last_modified":"2020-08-14T08:58:50.4062745Z","name":"Website","content_groups":[],"elements":[{"maximum_text_length":null,"name":"Name","guidelines":null,"is_required":false,"type":"text","id":"89f94d01-a4ce-4162-a81f-7d4405794695","codename":"name"},{"maximum_text_length":null,"name":"Summary","guidelines":null,"is_required":false,"type":"text","id":"f901b903-477e-4d7b-b467-10322bbd8bf3","codename":"summary"},{"maximum_text_length":null,"name":"URL","guidelines":null,"is_required":false,"type":"text","id":"fcf5030d-8edc-42ac-9504-ba6eeaed2f7b","codename":"url"},{"depends_on":{"element":{"id":"89f94d01-a4ce-4162-a81f-7d4405794695"}},"name":"Slug","guidelines":null,"is_required":false,"type":"url_slug","id":"e4a38cad-ca64-4a82-a88d-002991f15847","codename":"slug"},{"item_count_limit":{"value":1,"condition":"at_most"},"allowed_content_types":[{"id":"81562526-d233-4f53-a174-bae57a26c976"}],"name":"Source repository","guidelines":null,"is_required":false,"type":"modular_content","id":"f903ed47-7f3a-426c-bb75-c15532b74055","codename":"source_repository"}]},{"id":"0a61c655-e8be-4073-8b16-8066b6dc47a0","codename":"person","last_modified":"2020-08-19T08:50:09.6787798Z","name":"Person","content_groups":[],"elements":[{"maximum_text_length":null,"name":"Name","guidelines":null,"is_required":false,"type":"text","id":"f32df79a-507a-4537-83dd-db5d3696f6cb","codename":"name"},{"maximum_text_length":null,"maximum_image_size":null,"allowed_content_types":[{"id":"81562526-d233-4f53-a174-bae57a26c976"},{"id":"4102d674-9899-45a4-b81e-d9b8edbb77c4"}],"image_width_limit":null,"image_height_limit":null,"allowed_image_types":"any","allowed_blocks":[],"allowed_formatting":[],"allowed_text_blocks":[],"allowed_table_blocks":[],"allowed_table_formatting":[],"allowed_table_text_blocks":[],"name":"Bio","guidelines":null,"is_required":false,"type":"rich_text","id":"1914fad4-e8de-49d7-abf1-2eb810ba1921","codename":"bio"},{"depends_on":{"element":{"id":"f32df79a-507a-4537-83dd-db5d3696f6cb"}},"name":"Slug","guidelines":null,"is_required":false,"type":"url_slug","id":"bba249e5-161d-4a82-ad8d-8363738acc0f","codename":"slug"}]}]