[{"elements":[{"element":{"id":"01dbdbe6-e936-44b5-8ee2-e76d529a1fdf"},"value":"Simply007/kontent-gatsby-benchmark"},{"element":{"id":"f02d45e6-5f45-439c-85a4-eb310a9a87c5"},"value":"Example site for Kontent as a source for \"Will It Build\". Should/Will be generalized into e.g. a theme."},{"element":{"id":"f1bfe104-3e52-4efc-b9d2-ffefb2d894d3"},"value":"https://github.com/Simply007/kontent-gatsby-benchmark"},{"mode":"autogenerated","element":{"id":"7dc70fe6-25d2-48ba-a487-10f8cac91fd5"},"value":"simply007-kontent-gatsby-benchmark"}],"workflow_step":{"id":"c199950d-99f0-4983-b711-6c4c91624b22"},"item":{"id":"16ec0ca3-8525-4154-ba84-0bb7ec712bf6"},"language":{"id":"00000000-0000-0000-0000-000000000000"},"last_modified":"2020-08-13T18:32:30.8195813Z"},{"elements":[{"element":{"id":"01dbdbe6-e936-44b5-8ee2-e76d529a1fdf"},"value":"Kentico/kontent-gatsby-packages"},{"element":{"id":"f02d45e6-5f45-439c-85a4-eb310a9a87c5"},"value":"Monorepo with Gatsby Kontent packages - currently Gatsby Kontent source plugin and Gatsby Kontent React components.\nThe repository also contains the development site and examples that could automatically load packages thanks to yarn workspaces. These should help you with best practices as well as the development of the packages."},{"element":{"id":"f1bfe104-3e52-4efc-b9d2-ffefb2d894d3"},"value":"https://github.com/Kentico/kontent-gatsby-packages"},{"mode":"autogenerated","element":{"id":"7dc70fe6-25d2-48ba-a487-10f8cac91fd5"},"value":"kentico-kontent-gatsby-packages"}],"workflow_step":{"id":"c199950d-99f0-4983-b711-6c4c91624b22"},"item":{"id":"4a352a95-454f-42ab-888c-a614f4ff7b35"},"language":{"id":"00000000-0000-0000-0000-000000000000"},"last_modified":"2020-08-14T09:13:26.7720259Z"},{"elements":[{"element":{"id":"01dbdbe6-e936-44b5-8ee2-e76d529a1fdf"},"value":"Simply007/Simply007.github.io"},{"element":{"id":"f02d45e6-5f45-439c-85a4-eb310a9a87c5"},"value":"Ondřej Chrastina's personal site written in Gatsby and using Kentico Kontent as a data source."},{"element":{"id":"f1bfe104-3e52-4efc-b9d2-ffefb2d894d3"},"value":"https://github.com/Simply007/Simply007.github.io"},{"mode":"autogenerated","element":{"id":"7dc70fe6-25d2-48ba-a487-10f8cac91fd5"},"value":"simply007-simply007-github-io"}],"workflow_step":{"id":"c199950d-99f0-4983-b711-6c4c91624b22"},"item":{"id":"aaafd543-3dd9-414b-993f-f7429ed1f25d"},"language":{"id":"00000000-0000-0000-0000-000000000000"},"last_modified":"2020-08-14T09:00:30.7467256Z"},{"elements":[{"element":{"id":"01dbdbe6-e936-44b5-8ee2-e76d529a1fdf"},"value":"Kentico/kentico.github.io"},{"element":{"id":"f02d45e6-5f45-439c-85a4-eb310a9a87c5"},"value":"Official site for GitHub Community in Kentico. This site is using GatsbyJS static site generation and Kentico Kontent as a data source."},{"element":{"id":"f1bfe104-3e52-4efc-b9d2-ffefb2d894d3"},"value":"https://github.com/Kentico/kentico.github.io"},{"mode":"autogenerated","element":{"id":"7dc70fe6-25d2-48ba-a487-10f8cac91fd5"},"value":"kentico-kentico-github-io"}],"workflow_step":{"id":"c199950d-99f0-4983-b711-6c4c91624b22"},"item":{"id":"57a5bf8b-50a9-4dae-8745-3ee84c869a2a"},"language":{"id":"00000000-0000-0000-0000-000000000000"},"last_modified":"2020-08-14T09:01:49.6113636Z"},{"elements":[{"element":{"id":"01dbdbe6-e936-44b5-8ee2-e76d529a1fdf"},"value":"Kentico/kontent-template-manager"},{"element":{"id":"f02d45e6-5f45-439c-85a4-eb310a9a87c5"},"value":"The application used for backup & restore Kentico Kontent projects. It is built in Angular."},{"element":{"id":"f1bfe104-3e52-4efc-b9d2-ffefb2d894d3"},"value":"https://github.com/Kentico/kontent-template-manager"},{"mode":"autogenerated","element":{"id":"7dc70fe6-25d2-48ba-a487-10f8cac91fd5"},"value":"kentico-kontent-template-manager"}],"workflow_step":{"id":"c199950d-99f0-4983-b711-6c4c91624b22"},"item":{"id":"ac0ffc06-7da2-4f72-8c14-3f8b5742bdff"},"language":{"id":"00000000-0000-0000-0000-000000000000"},"last_modified":"2020-08-14T09:05:33.9698671Z"},{"elements":[{"element":{"id":"89f94d01-a4ce-4162-a81f-7d4405794695"},"value":"ondrej.chrastina.tech"},{"element":{"id":"f901b903-477e-4d7b-b467-10322bbd8bf3"},"value":"Ondřej Chrastina's personal site"},{"element":{"id":"fcf5030d-8edc-42ac-9504-ba6eeaed2f7b"},"value":"https://ondrej.chrastina.tech"},{"mode":"autogenerated","element":{"id":"e4a38cad-ca64-4a82-a88d-002991f15847"},"value":"ondrej-chrastina-tech"},{"element":{"id":"f903ed47-7f3a-426c-bb75-c15532b74055"},"value":[{"id":"aaafd543-3dd9-414b-993f-f7429ed1f25d"}]}],"workflow_step":{"id":"c199950d-99f0-4983-b711-6c4c91624b22"},"item":{"id":"884bd3cf-98b6-438e-b50d-a593a3bad623"},"language":{"id":"00000000-0000-0000-0000-000000000000"},"last_modified":"2020-08-14T08:59:08.7408187Z"},{"elements":[{"element":{"id":"89f94d01-a4ce-4162-a81f-7d4405794695"},"value":"kentico.github.io"},{"element":{"id":"f901b903-477e-4d7b-b467-10322bbd8bf3"},"value":"A gateway to the world of open-source at Kentico."},{"element":{"id":"fcf5030d-8edc-42ac-9504-ba6eeaed2f7b"},"value":"https://kentico.github.io"},{"mode":"autogenerated","element":{"id":"e4a38cad-ca64-4a82-a88d-002991f15847"},"value":"kentico-github-io"},{"element":{"id":"f903ed47-7f3a-426c-bb75-c15532b74055"},"value":[{"id":"57a5bf8b-50a9-4dae-8745-3ee84c869a2a"}]}],"workflow_step":{"id":"c199950d-99f0-4983-b711-6c4c91624b22"},"item":{"id":"09d774d5-46ba-4625-9aca-3e3eb0c21a41"},"language":{"id":"00000000-0000-0000-0000-000000000000"},"last_modified":"2020-08-14T09:12:09.0037577Z"},{"elements":[{"element":{"id":"89f94d01-a4ce-4162-a81f-7d4405794695"},"value":"kentico.github.io/kontent-template-manager"},{"element":{"id":"f901b903-477e-4d7b-b467-10322bbd8bf3"},"value":"This web-based application can be used to backup & restore Kentico Kontent projects. \nThe application is build in Angular."},{"element":{"id":"fcf5030d-8edc-42ac-9504-ba6eeaed2f7b"},"value":"https://kentico.github.io/kontent-template-manager/"},{"mode":"autogenerated","element":{"id":"e4a38cad-ca64-4a82-a88d-002991f15847"},"value":"kentico-github-io-kontent-template-manager"},{"element":{"id":"f903ed47-7f3a-426c-bb75-c15532b74055"},"value":[{"id":"ac0ffc06-7da2-4f72-8c14-3f8b5742bdff"}]}],"workflow_step":{"id":"c199950d-99f0-4983-b711-6c4c91624b22"},"item":{"id":"1406c6d0-c198-4071-8aa6-ef15aaf25638"},"language":{"id":"00000000-0000-0000-0000-000000000000"},"last_modified":"2020-08-14T09:12:32.802914Z"},{"elements":[{"element":{"id":"f32df79a-507a-4537-83dd-db5d3696f6cb"},"value":"Ondřej Chrastina"},{"components":[],"element":{"id":"1914fad4-e8de-49d7-abf1-2eb810ba1921"},"value":"<p>This is Ondřej Chrastina - Developer Advocate with <a href=\"https://kontent.ai\" data-new-window=\"true\">Kentico Kontent</a>.</p>\n<figure data-asset-id=\"d32b8ad5-0cf4-47a8-8b53-ed4a1e80dc88\"><img src=\"#\" data-asset-id=\"d32b8ad5-0cf4-47a8-8b53-ed4a1e80dc88\"></figure>\n<p>He likes to do web sites. This is his latest project:</p>\n<object type=\"application/kenticocloud\" data-type=\"item\" data-id=\"884bd3cf-98b6-438e-b50d-a593a3bad623\"></object>\n<p><br/>\nHe also likes OSS. This is his latest repository:</p>\n<object type=\"application/kenticocloud\" data-type=\"item\" data-id=\"16ec0ca3-8525-4154-ba84-0bb7ec712bf6\"></object>\n<p><br/>\nOn some projects, he was cooperating with <a data-item-id=\"2b805947-7ca5-4e6a-baa5-734a91f3cfa2\">John Doe</a>.</p>\n<p>You could take a look at their&nbsp;<a href=\"https://google.com\" title=\"sample link\">latest project</a>.</p>"},{"mode":"autogenerated","element":{"id":"bba249e5-161d-4a82-ad8d-8363738acc0f"},"value":"ondrej-chrastina"}],"workflow_step":{"id":"c199950d-99f0-4983-b711-6c4c91624b22"},"item":{"id":"e72461f6-49d6-4308-8250-0b6e36cec15d"},"language":{"id":"00000000-0000-0000-0000-000000000000"},"last_modified":"2020-08-19T08:46:16.1269818Z"},{"elements":[{"element":{"id":"f32df79a-507a-4537-83dd-db5d3696f6cb"},"value":"John Doe"},{"components":[],"element":{"id":"1914fad4-e8de-49d7-abf1-2eb810ba1921"},"value":"<p>Pellentesque ut neque. Nullam quis ante. Donec id justo. In hac habitasse platea dictumst. Sed lectus.</p>\n<figure data-asset-id=\"f89e216c-db65-4607-8776-72908d9ceeb4\"><img src=\"#\" data-asset-id=\"f89e216c-db65-4607-8776-72908d9ceeb4\"></figure>\n<p>Donec interdum, metus et hendrerit aliquet, dolor diam sagittis ligula, eget egestas libero turpis vel mi. Vestibulum facilisis, purus nec pulvinar iaculis, ligula mi congue nunc, vitae euismod ligula urna in dolor. Aliquam erat volutpat. Donec orci lectus, aliquam ut, faucibus non, euismod id, nulla. Aenean vulputate eleifend tellus.</p>\n<p>Phasellus consectetuer vestibulum elit. Praesent vestibulum dapibus nibh. Cras non dolor. Sed a libero. Maecenas vestibulum mollis diam.</p>\n<p>Maecenas malesuada. Phasellus viverra nulla ut metus varius laoreet. Etiam sit amet orci eget eros faucibus tincidunt. Praesent egestas neque eu enim. Pellentesque habitant morbi tristique senectus et netus et malesuada fames ac turpis egestas.</p>\n<p>Morbi vestibulum volutpat enim. Phasellus a est. Suspendisse potenti. Vestibulum purus quam, scelerisque ut, mollis sed, nonummy id, metus. Fusce pharetra convallis urna.</p>"},{"mode":"autogenerated","element":{"id":"bba249e5-161d-4a82-ad8d-8363738acc0f"},"value":"john-doe"}],"workflow_step":{"id":"c199950d-99f0-4983-b711-6c4c91624b22"},"item":{"id":"2b805947-7ca5-4e6a-baa5-734a91f3cfa2"},"language":{"id":"00000000-0000-0000-0000-000000000000"},"last_modified":"2020-08-14T08:19:18.9961741Z"}]