[{"id":"c3453fa9-fc77-4810-bfdc-8d0339fc7b6f","codename":"content_page","last_modified":"2020-06-25T09:00:56.2456915Z","name":"Content page","content_groups":[],"elements":[{"maximum_text_length":null,"name":"Title","guidelines":null,"is_required":false,"type":"text","id":"b32c8698-a18c-4af4-bcaa-038135617787","codename":"title"},{"maximum_text_length":null,"maximum_image_size":null,"allowed_content_types":[],"image_width_limit":null,"image_height_limit":null,"allowed_image_types":"any","allowed_blocks":[],"allowed_formatting":[],"allowed_text_blocks":[],"allowed_table_blocks":[],"allowed_table_formatting":[],"allowed_table_text_blocks":[],"name":"Content","guidelines":null,"is_required":false,"type":"rich_text","id":"bd15e92c-a2d6-46c3-b5c1-9156bf3b91e4","codename":"content"}]},{"id":"ba875743-cc9f-49fa-a615-2ce81035e407","codename":"navigation_item","last_modified":"2020-06-25T11:14:46.7095324Z","name":"Navigation item","content_groups":[{"id":"84e43435-aa40-4e07-bcad-5525ae48f094","name":"Menu","codename":"menu"},{"id":"41bfb19d-0528-44b2-be33-f252cca0c013","name":"Content","codename":"content"}],"elements":[{"maximum_text_length":null,"name":"Title","guidelines":null,"is_required":false,"type":"text","id":"8183b763-c001-45e5-a3fb-0c84a98b97d5","codename":"title","content_group":{"id":"84e43435-aa40-4e07-bcad-5525ae48f094"}},{"depends_on":{"element":{"id":"8183b763-c001-45e5-a3fb-0c84a98b97d5"}},"name":"Slug","guidelines":null,"is_required":false,"type":"url_slug","id":"2a3a7bf2-aa84-493b-864b-6067ff0e7cc0","codename":"slug","content_group":{"id":"84e43435-aa40-4e07-bcad-5525ae48f094"}},{"item_count_limit":null,"allowed_content_types":[{"id":"ba875743-cc9f-49fa-a615-2ce81035e407"}],"name":"Subitems","guidelines":"Subitems of a menu item","is_required":false,"type":"modular_content","id":"c4247c8d-5eac-4ad7-9a31-3ac8001f9590","codename":"subitems","content_group":{"id":"84e43435-aa40-4e07-bcad-5525ae48f094"}},{"item_count_limit":{"value":1,"condition":"at_most"},"allowed_content_types":[{"id":"c3453fa9-fc77-4810-bfdc-8d0339fc7b6f"}],"name":"Content page","guidelines":null,"is_required":false,"type":"modular_content","id":"90c127c1-0913-4873-aa07-ca4a64ea5d89","codename":"content_page","content_group":{"id":"41bfb19d-0528-44b2-be33-f252cca0c013"}}]}]