[{"id":"7bf18e55-92a7-48ae-9473-78a0aeb3fd3c","name":"Website root navigation","codename":"website_root_navigation","type":{"id":"ba875743-cc9f-49fa-a615-2ce81035e407"},"sitemap_locations":[],"last_modified":"2020-06-25T09:26:58.7078861Z"},{"id":"a487d492-cc9b-4ef9-94f2-bfdac6104222","name":"Home","codename":"home","type":{"id":"c3453fa9-fc77-4810-bfdc-8d0339fc7b6f"},"sitemap_locations":[],"last_modified":"2020-06-25T09:01:51.5355776Z"},{"id":"55d6a1d2-b942-4536-bc27-a1dffee7a3f4","name":"Emergencies","codename":"untitled_content_item","type":{"id":"ba875743-cc9f-49fa-a615-2ce81035e407"},"sitemap_locations":[],"last_modified":"2020-06-25T09:04:24.9582242Z"},{"id":"a0698ed1-1706-429d-b8cd-2cee292e5626","name":"Smell gas?","codename":"smell_gas_","type":{"id":"ba875743-cc9f-49fa-a615-2ce81035e407"},"sitemap_locations":[],"last_modified":"2020-06-25T09:03:16.1168383Z"},{"id":"b6198c72-6099-45f2-8bef-70f4c4e87466","name":"Smell gas?","codename":"smell_gas__b6198c7","type":{"id":"c3453fa9-fc77-4810-bfdc-8d0339fc7b6f"},"sitemap_locations":[],"last_modified":"2020-06-25T09:04:08.7867891Z"},{"id":"cd5c0af6-aff0-4b6a-b8d4-54a07225c06d","name":"Emergencies","codename":"emergencies","type":{"id":"c3453fa9-fc77-4810-bfdc-8d0339fc7b6f"},"sitemap_locations":[],"last_modified":"2020-06-25T09:04:31.5425808Z"},{"id":"8c36dfba-0b31-4d22-90c0-0c3d27555f5a","name":"Suspect carbon monoxide?","codename":"untitled_content_item_8c36dfb","type":{"id":"ba875743-cc9f-49fa-a615-2ce81035e407"},"sitemap_locations":[],"last_modified":"2020-06-25T09:05:51.7879721Z"},{"id":"11a8bb4b-212d-4244-82e2-b9d19af212d2","name":"Suspect carbon monoxide?","codename":"suspect_carbon_monoxide_","type":{"id":"c3453fa9-fc77-4810-bfdc-8d0339fc7b6f"},"sitemap_locations":[],"last_modified":"2020-06-25T09:05:30.5291481Z"},{"id":"66ac89cc-057e-4ce6-9685-f22589dd7c05","name":"Help","codename":"help","type":{"id":"ba875743-cc9f-49fa-a615-2ce81035e407"},"sitemap_locations":[],"last_modified":"2020-06-25T09:09:23.1336386Z"},{"id":"7193e6a5-b3c5-45b3-b92e-64ae7cf8d171","name":"Help","codename":"help_7193e6a","type":{"id":"c3453fa9-fc77-4810-bfdc-8d0339fc7b6f"},"sitemap_locations":[],"last_modified":"2020-06-25T09:09:30.1609669Z"},{"id":"f8c48b3d-6b5d-4b57-826f-4a01c1991a61","name":"Contact","codename":"contact","type":{"id":"ba875743-cc9f-49fa-a615-2ce81035e407"},"sitemap_locations":[],"last_modified":"2020-06-25T09:09:58.254152Z"},{"id":"05319c81-5a54-48af-9450-7e3732787b48","name":"Contact","codename":"contact_05319c8","type":{"id":"c3453fa9-fc77-4810-bfdc-8d0339fc7b6f"},"sitemap_locations":[],"last_modified":"2020-06-25T09:10:12.3832965Z"},{"id":"ef2fe24d-0782-40bd-ab9f-5cf10b7f5d76","name":"Why Kontent?","codename":"why_kontent_","type":{"id":"ba875743-cc9f-49fa-a615-2ce81035e407"},"sitemap_locations":[],"last_modified":"2020-06-25T09:11:49.4716682Z"},{"id":"cf1078d0-48b9-447e-b6a2-2b8e9d47bffc","name":"Why Kontent?","codename":"why_kontent__cf1078d","type":{"id":"c3453fa9-fc77-4810-bfdc-8d0339fc7b6f"},"sitemap_locations":[],"last_modified":"2020-06-25T09:12:02.323604Z"},{"id":"a6231c0c-f780-4f0b-8a25-3fb6eb4404c4","name":"For marketers","codename":"for_marketers","type":{"id":"ba875743-cc9f-49fa-a615-2ce81035e407"},"sitemap_locations":[],"last_modified":"2020-06-25T09:12:36.6647199Z"},{"id":"4e4271b0-b3eb-4cde-a901-f621ad0ae18b","name":"For marketers","codename":"for_marketers_4e4271b","type":{"id":"c3453fa9-fc77-4810-bfdc-8d0339fc7b6f"},"sitemap_locations":[],"last_modified":"2020-06-25T09:12:44.8761534Z"},{"id":"0ecdd2e2-2c95-4c23-85cc-c91a60a5081b","name":"For developers","codename":"for_developers","type":{"id":"ba875743-cc9f-49fa-a615-2ce81035e407"},"sitemap_locations":[],"last_modified":"2020-06-25T09:12:59.2275Z"},{"id":"51c8dd0f-0e72-4023-964b-15ab56b6625c","name":"For developers","codename":"for_developers_51c8dd0","type":{"id":"c3453fa9-fc77-4810-bfdc-8d0339fc7b6f"},"sitemap_locations":[],"last_modified":"2020-06-25T09:13:06.2907498Z"},{"id":"08ab3c54-c7b8-4c28-bc44-7421dec9bd59","name":"Enterprise","codename":"enterprise","type":{"id":"ba875743-cc9f-49fa-a615-2ce81035e407"},"sitemap_locations":[],"last_modified":"2020-06-25T09:13:45.3376197Z"},{"id":"a4cbfb5e-fc46-47c5-b8c8-44198b28ca08","name":"Enterprise","codename":"enterprise_a4cbfb5","type":{"id":"c3453fa9-fc77-4810-bfdc-8d0339fc7b6f"},"sitemap_locations":[],"last_modified":"2020-06-25T09:13:52.1814171Z"},{"id":"e317020b-ed51-45d7-9087-c117e1bcf7bb","name":"Gatsby & Kontent","codename":"gatsby___kontent","type":{"id":"ba875743-cc9f-49fa-a615-2ce81035e407"},"sitemap_locations":[],"last_modified":"2020-06-25T11:42:59.1279899Z"},{"id":"954c34a3-4a58-4b2b-83cd-464a2c364371","name":"Gatsby & Kontent","codename":"gatsby___kontent_954c34a","type":{"id":"c3453fa9-fc77-4810-bfdc-8d0339fc7b6f"},"sitemap_locations":[],"last_modified":"2020-06-25T11:43:18.0318003Z"}]