[{"elements":[{"element":{"id":"b32c8698-a18c-4af4-bcaa-038135617787"},"value":"Home"},{"components":[],"element":{"id":"bd15e92c-a2d6-46c3-b5c1-9156bf3b91e4"},"value":"<p>Maecenas malesuada. Fusce a quam. Fusce neque. Donec pede justo, fringilla vel, aliquet nec, vulputate eget, arcu. Curabitur ullamcorper ultricies nisi.</p>\n<p><br/></p>\n<p>Cras non dolor. Praesent ut ligula non mi varius sagittis. Fusce fermentum. Praesent nonummy mi in odio. Etiam ultricies nisi vel augue.</p>\n<p><br/></p>\n<p>Vestibulum turpis sem, aliquet eget, lobortis pellentesque, rutrum eu, nisl. Praesent adipiscing. Vestibulum facilisis, purus nec pulvinar iaculis, ligula mi congue nunc, vitae euismod ligula urna in dolor. Curabitur ullamcorper ultricies nisi. Proin pretium, leo ac pellentesque mollis, felis nunc ultrices eros, sed gravida augue augue mollis justo.</p>\n<p><br/></p>\n<p>Duis vel nibh at velit scelerisque suscipit. Nam adipiscing. Nunc interdum lacus sit amet orci. Vestibulum facilisis, purus nec pulvinar iaculis, ligula mi congue nunc, vitae euismod ligula urna in dolor. In ut quam vitae odio lacinia tincidunt.</p>\n<p><br/></p>\n<p>Cras ultricies mi eu turpis hendrerit fringilla. In hac habitasse platea dictumst. Proin sapien ipsum, porta a, auctor quis, euismod ut, mi. Fusce vel dui. Phasellus leo dolor, tempus non, auctor et, hendrerit quis, nisi.</p>"}],"workflow_step":{"id":"c199950d-99f0-4983-b711-6c4c91624b22"},"item":{"id":"a487d492-cc9b-4ef9-94f2-bfdac6104222"},"language":{"id":"00000000-0000-0000-0000-000000000000"},"last_modified":"2020-06-25T09:02:01.8769975Z"},{"elements":[{"element":{"id":"b32c8698-a18c-4af4-bcaa-038135617787"},"value":"Smell gas?"},{"components":[],"element":{"id":"bd15e92c-a2d6-46c3-b5c1-9156bf3b91e4"},"value":"<p>Nam pretium turpis et arcu. Nulla consequat massa quis enim. Proin magna. Fusce convallis metus id felis luctus adipiscing. Cum sociis natoque penatibus et magnis dis parturient montes, nascetur ridiculus mus.</p>\n<p><br/></p>\n<p>Sed lectus. Fusce pharetra convallis urna. Pellentesque ut neque. Vestibulum ullamcorper mauris at ligula. Ut tincidunt tincidunt erat.</p>\n<p><br/></p>\n<p>Nam pretium turpis et arcu. Nulla facilisi. Nulla porta dolor. Ut a nisl id ante tempus hendrerit. Vivamus aliquet elit ac nisl.</p>"}],"workflow_step":{"id":"c199950d-99f0-4983-b711-6c4c91624b22"},"item":{"id":"b6198c72-6099-45f2-8bef-70f4c4e87466"},"language":{"id":"00000000-0000-0000-0000-000000000000"},"last_modified":"2020-06-25T09:04:17.3258009Z"},{"elements":[{"element":{"id":"b32c8698-a18c-4af4-bcaa-038135617787"},"value":"Emergencies"},{"components":[],"element":{"id":"bd15e92c-a2d6-46c3-b5c1-9156bf3b91e4"},"value":"<p>Nullam tincidunt adipiscing enim. Sed lectus. Etiam sit amet orci eget eros faucibus tincidunt. Duis lobortis massa imperdiet quam. Cras varius.</p>\n<p><br/></p>\n<p>Praesent ut ligula non mi varius sagittis. Curabitur at lacus ac velit ornare lobortis. Cras ultricies mi eu turpis hendrerit fringilla. Praesent ac massa at ligula laoreet iaculis. Etiam sollicitudin, ipsum eu pulvinar rutrum, tellus ipsum laoreet sapien, quis venenatis ante odio sit amet eros.</p>\n<p><br/></p>\n<p>Phasellus a est. Suspendisse pulvinar, augue ac venenatis condimentum, sem libero volutpat nibh, nec pellentesque velit pede quis nunc. In enim justo, rhoncus ut, imperdiet a, venenatis vitae, justo. Phasellus nec sem in justo pellentesque facilisis. Phasellus leo dolor, tempus non, auctor et, hendrerit quis, nisi.</p>\n<p><br/></p>\n<p>Mauris turpis nunc, blandit et, volutpat molestie, porta ut, ligula. Donec vitae sapien ut libero venenatis faucibus. Praesent porttitor, nulla vitae posuere iaculis, arcu nisl dignissim dolor, a pretium mi sem ut ipsum. Vivamus euismod mauris. In enim justo, rhoncus ut, imperdiet a, venenatis vitae, justo.</p>"}],"workflow_step":{"id":"c199950d-99f0-4983-b711-6c4c91624b22"},"item":{"id":"cd5c0af6-aff0-4b6a-b8d4-54a07225c06d"},"language":{"id":"00000000-0000-0000-0000-000000000000"},"last_modified":"2020-06-25T09:04:38.8510014Z"},{"elements":[{"element":{"id":"b32c8698-a18c-4af4-bcaa-038135617787"},"value":"Suspect carbon monoxide?"},{"components":[],"element":{"id":"bd15e92c-a2d6-46c3-b5c1-9156bf3b91e4"},"value":"<p>Cras risus ipsum, faucibus ut, ullamcorper id, varius ac, leo. Curabitur suscipit suscipit tellus. Etiam feugiat lorem non metus. Ut leo. Aenean vulputate eleifend tellus.</p>\n<p><br/></p>\n<p>Vestibulum turpis sem, aliquet eget, lobortis pellentesque, rutrum eu, nisl. Nunc nulla. Aliquam lobortis. Vivamus consectetuer hendrerit lacus. Nam eget dui.</p>\n<p><br/></p>\n<p>Vestibulum ante ipsum primis in faucibus orci luctus et ultrices posuere cubilia Curae; Fusce id purus. Donec sodales sagittis magna. Phasellus a est. Donec interdum, metus et hendrerit aliquet, dolor diam sagittis ligula, eget egestas libero turpis vel mi. Cras risus ipsum, faucibus ut, ullamcorper id, varius ac, leo.</p>"}],"workflow_step":{"id":"c199950d-99f0-4983-b711-6c4c91624b22"},"item":{"id":"11a8bb4b-212d-4244-82e2-b9d19af212d2"},"language":{"id":"00000000-0000-0000-0000-000000000000"},"last_modified":"2020-06-25T09:05:40.6073752Z"},{"elements":[{"element":{"id":"b32c8698-a18c-4af4-bcaa-038135617787"},"value":"Help"},{"components":[],"element":{"id":"bd15e92c-a2d6-46c3-b5c1-9156bf3b91e4"},"value":"<p>Pellentesque posuere. In ut quam vitae odio lacinia tincidunt. Proin magna. Morbi ac felis. Sed libero.</p>\n<p><br/></p>\n<p>Suspendisse faucibus, nunc et pellentesque egestas, lacus ante convallis tellus, vitae iaculis lacus elit id tortor. Donec sodales sagittis magna. Mauris turpis nunc, blandit et, volutpat molestie, porta ut, ligula. Vestibulum ante ipsum primis in faucibus orci luctus et ultrices posuere cubilia Curae; Fusce id purus. Praesent adipiscing.</p>\n<p><br/></p>\n<p>Suspendisse feugiat. Cras non dolor. Phasellus dolor. Aenean massa. Phasellus leo dolor, tempus non, auctor et, hendrerit quis, nisi.</p>"}],"workflow_step":{"id":"c199950d-99f0-4983-b711-6c4c91624b22"},"item":{"id":"7193e6a5-b3c5-45b3-b92e-64ae7cf8d171"},"language":{"id":"00000000-0000-0000-0000-000000000000"},"last_modified":"2020-06-25T09:09:36.9181911Z"},{"elements":[{"element":{"id":"b32c8698-a18c-4af4-bcaa-038135617787"},"value":"Contact"},{"components":[],"element":{"id":"bd15e92c-a2d6-46c3-b5c1-9156bf3b91e4"},"value":"<p>Maecenas tempus, tellus eget condimentum rhoncus, sem quam semper libero, sit amet adipiscing sem neque sed ipsum. Donec pede justo, fringilla vel, aliquet nec, vulputate eget, arcu. Nullam tincidunt adipiscing enim. Morbi nec metus. Suspendisse eu ligula.</p>\n<p><br/></p>\n<p>Nam pretium turpis et arcu. Etiam sollicitudin, ipsum eu pulvinar rutrum, tellus ipsum laoreet sapien, quis venenatis ante odio sit amet eros. Aliquam eu nunc. Aenean commodo ligula eget dolor. Nam eget dui.</p>\n<p><br/></p>\n<p>Praesent porttitor, nulla vitae posuere iaculis, arcu nisl dignissim dolor, a pretium mi sem ut ipsum. Sed augue ipsum, egestas nec, vestibulum et, malesuada adipiscing, dui. Vestibulum dapibus nunc ac augue. Vestibulum dapibus nunc ac augue. Etiam imperdiet imperdiet orci.</p>\n<p><br/></p>\n<p>Cras dapibus. Vestibulum ante ipsum primis in faucibus orci luctus et ultrices posuere cubilia Curae; Sed aliquam, nisi quis porttitor congue, elit erat euismod orci, ac placerat dolor lectus quis orci. Etiam imperdiet imperdiet orci. Praesent egestas tristique nibh. Donec quam felis, ultricies nec, pellentesque eu, pretium quis, sem.</p>"}],"workflow_step":{"id":"c199950d-99f0-4983-b711-6c4c91624b22"},"item":{"id":"05319c81-5a54-48af-9450-7e3732787b48"},"language":{"id":"00000000-0000-0000-0000-000000000000"},"last_modified":"2020-06-25T09:10:17.6188323Z"},{"elements":[{"element":{"id":"b32c8698-a18c-4af4-bcaa-038135617787"},"value":"Why Kontent?"},{"components":[],"element":{"id":"bd15e92c-a2d6-46c3-b5c1-9156bf3b91e4"},"value":"<p>Sed fringilla mauris sit amet nibh. Quisque libero metus, condimentum nec, tempor a, commodo mollis, magna. Etiam sollicitudin, ipsum eu pulvinar rutrum, tellus ipsum laoreet sapien, quis venenatis ante odio sit amet eros. Donec vitae sapien ut libero venenatis faucibus. Nulla sit amet est.</p>\n<p><br/></p>\n<p>Pellentesque libero tortor, tincidunt et, tincidunt eget, semper nec, quam. Duis arcu tortor, suscipit eget, imperdiet nec, imperdiet iaculis, ipsum. Aenean massa. Sed lectus. Etiam iaculis nunc ac metus.</p>\n<p><br/></p>\n<p>Aenean ut eros et nisl sagittis vestibulum. Phasellus a est. Nam commodo suscipit quam. Nullam cursus lacinia erat. Sed aliquam ultrices mauris.</p>\n<p><br/></p>\n<p>Vestibulum ante ipsum primis in faucibus orci luctus et ultrices posuere cubilia Curae; Sed aliquam, nisi quis porttitor congue, elit erat euismod orci, ac placerat dolor lectus quis orci. Etiam rhoncus. Sed mollis, eros et ultrices tempus, mauris ipsum aliquam libero, non adipiscing dolor urna a orci. Etiam sit amet orci eget eros faucibus tincidunt. Fusce risus nisl, viverra et, tempor et, pretium in, sapien.</p>"}],"workflow_step":{"id":"c199950d-99f0-4983-b711-6c4c91624b22"},"item":{"id":"cf1078d0-48b9-447e-b6a2-2b8e9d47bffc"},"language":{"id":"00000000-0000-0000-0000-000000000000"},"last_modified":"2020-06-25T09:12:09.1320961Z"},{"elements":[{"element":{"id":"b32c8698-a18c-4af4-bcaa-038135617787"},"value":"For marketers"},{"components":[],"element":{"id":"bd15e92c-a2d6-46c3-b5c1-9156bf3b91e4"},"value":"<p>Pellentesque dapibus hendrerit tortor. Sed mollis, eros et ultrices tempus, mauris ipsum aliquam libero, non adipiscing dolor urna a orci. Suspendisse potenti. Donec quam felis, ultricies nec, pellentesque eu, pretium quis, sem. Nullam nulla eros, ultricies sit amet, nonummy id, imperdiet feugiat, pede.</p>\n<p><br/></p>\n<p>Aenean posuere, tortor sed cursus feugiat, nunc augue blandit nunc, eu sollicitudin urna dolor sagittis lacus. Curabitur at lacus ac velit ornare lobortis. Nam ipsum risus, rutrum vitae, vestibulum eu, molestie vel, lacus. Praesent turpis. Fusce risus nisl, viverra et, tempor et, pretium in, sapien.</p>\n<p><br/></p>\n<p>Nulla porta dolor. Morbi mattis ullamcorper velit. Sed in libero ut nibh placerat accumsan. Proin sapien ipsum, porta a, auctor quis, euismod ut, mi. In turpis.</p>\n<p><br/></p>\n<p>In hac habitasse platea dictumst. Nullam cursus lacinia erat. Ut leo. Praesent vestibulum dapibus nibh. Vivamus consectetuer hendrerit lacus.</p>"}],"workflow_step":{"id":"c199950d-99f0-4983-b711-6c4c91624b22"},"item":{"id":"4e4271b0-b3eb-4cde-a901-f621ad0ae18b"},"language":{"id":"00000000-0000-0000-0000-000000000000"},"last_modified":"2020-06-25T09:12:49.9756944Z"},{"elements":[{"element":{"id":"b32c8698-a18c-4af4-bcaa-038135617787"},"value":"For developers"},{"components":[],"element":{"id":"bd15e92c-a2d6-46c3-b5c1-9156bf3b91e4"},"value":"<p>Donec sodales sagittis magna. Nam adipiscing. Etiam iaculis nunc ac metus. Nulla consequat massa quis enim. In ut quam vitae odio lacinia tincidunt.</p>\n<p><br/></p>\n<p>Aenean vulputate eleifend tellus. Lorem ipsum dolor sit amet, consectetuer adipiscing elit. Vivamus euismod mauris. Donec mi odio, faucibus at, scelerisque quis, convallis in, nisi. Ut a nisl id ante tempus hendrerit.</p>\n<p><br/></p>\n<p>Duis leo. Praesent congue erat at massa. Etiam imperdiet imperdiet orci. Etiam sollicitudin, ipsum eu pulvinar rutrum, tellus ipsum laoreet sapien, quis venenatis ante odio sit amet eros. Praesent ac massa at ligula laoreet iaculis.</p>\n<p><br/></p>\n<p>Praesent nonummy mi in odio. Nulla porta dolor. Morbi ac felis. In enim justo, rhoncus ut, imperdiet a, venenatis vitae, justo. Vivamus in erat ut urna cursus vestibulum.</p>"}],"workflow_step":{"id":"c199950d-99f0-4983-b711-6c4c91624b22"},"item":{"id":"51c8dd0f-0e72-4023-964b-15ab56b6625c"},"language":{"id":"00000000-0000-0000-0000-000000000000"},"last_modified":"2020-06-25T09:13:16.0119753Z"},{"elements":[{"element":{"id":"b32c8698-a18c-4af4-bcaa-038135617787"},"value":"Enterprise"},{"components":[],"element":{"id":"bd15e92c-a2d6-46c3-b5c1-9156bf3b91e4"},"value":"<p>Maecenas nec odio et ante tincidunt tempus. Ut id nisl quis enim dignissim sagittis. Suspendisse feugiat. Duis leo. Fusce convallis metus id felis luctus adipiscing.</p>\n<p><br/></p>\n<p>Donec interdum, metus et hendrerit aliquet, dolor diam sagittis ligula, eget egestas libero turpis vel mi. Nam commodo suscipit quam. In turpis. Sed libero. Nunc nonummy metus.</p>\n<p><br/></p>\n<p>Integer ante arcu, accumsan a, consectetuer eget, posuere ut, mauris. Vestibulum eu odio. Vestibulum rutrum, mi nec elementum vehicula, eros quam gravida nisl, id fringilla neque ante vel mi. Pellentesque habitant morbi tristique senectus et netus et malesuada fames ac turpis egestas. Cum sociis natoque penatibus et magnis dis parturient montes, nascetur ridiculus mus.</p>\n<p><br/></p>\n<p>Fusce pharetra convallis urna. Nam quam nunc, blandit vel, luctus pulvinar, hendrerit id, lorem. Nulla sit amet est. Phasellus leo dolor, tempus non, auctor et, hendrerit quis, nisi. Nam quam nunc, blandit vel, luctus pulvinar, hendrerit id, lorem.</p>"}],"workflow_step":{"id":"c199950d-99f0-4983-b711-6c4c91624b22"},"item":{"id":"a4cbfb5e-fc46-47c5-b8c8-44198b28ca08"},"language":{"id":"00000000-0000-0000-0000-000000000000"},"last_modified":"2020-06-25T09:13:57.0160327Z"},{"elements":[{"element":{"id":"b32c8698-a18c-4af4-bcaa-038135617787"},"value":"Gatsby & Kontent"},{"components":[],"element":{"id":"bd15e92c-a2d6-46c3-b5c1-9156bf3b91e4"},"value":"<p>Nulla consequat massa quis enim. Suspendisse non nisl sit amet velit hendrerit rutrum. Nam adipiscing. Nulla porta dolor. Suspendisse non nisl sit amet velit hendrerit rutrum.</p>\n<p><br/></p>\n<p>Aenean posuere, tortor sed cursus feugiat, nunc augue blandit nunc, eu sollicitudin urna dolor sagittis lacus. Suspendisse pulvinar, augue ac venenatis condimentum, sem libero volutpat nibh, nec pellentesque velit pede quis nunc. Sed fringilla mauris sit amet nibh. In turpis. Quisque id mi.</p>\n<p><br/></p>\n<p>Ut tincidunt tincidunt erat. Donec orci lectus, aliquam ut, faucibus non, euismod id, nulla. In ac felis quis tortor malesuada pretium. Suspendisse pulvinar, augue ac venenatis condimentum, sem libero volutpat nibh, nec pellentesque velit pede quis nunc. Proin faucibus arcu quis ante.</p>\n<p><br/></p>\n<p>Nulla porta dolor. Pellentesque libero tortor, tincidunt et, tincidunt eget, semper nec, quam. Cras dapibus. Praesent venenatis metus at tortor pulvinar varius. Nullam accumsan lorem in dui.</p>"}],"workflow_step":{"id":"c199950d-99f0-4983-b711-6c4c91624b22"},"item":{"id":"954c34a3-4a58-4b2b-83cd-464a2c364371"},"language":{"id":"00000000-0000-0000-0000-000000000000"},"last_modified":"2020-06-25T11:43:27.4860512Z"},{"elements":[{"element":{"id":"8183b763-c001-45e5-a3fb-0c84a98b97d5"},"value":"Home"},{"mode":"custom","element":{"id":"2a3a7bf2-aa84-493b-864b-6067ff0e7cc0"},"value":"/"},{"element":{"id":"c4247c8d-5eac-4ad7-9a31-3ac8001f9590"},"value":[{"id":"55d6a1d2-b942-4536-bc27-a1dffee7a3f4"},{"id":"66ac89cc-057e-4ce6-9685-f22589dd7c05"},{"id":"f8c48b3d-6b5d-4b57-826f-4a01c1991a61"},{"id":"ef2fe24d-0782-40bd-ab9f-5cf10b7f5d76"}]},{"element":{"id":"90c127c1-0913-4873-aa07-ca4a64ea5d89"},"value":[{"id":"a487d492-cc9b-4ef9-94f2-bfdac6104222"}]}],"workflow_step":{"id":"c199950d-99f0-4983-b711-6c4c91624b22"},"item":{"id":"7bf18e55-92a7-48ae-9473-78a0aeb3fd3c"},"language":{"id":"00000000-0000-0000-0000-000000000000"},"last_modified":"2020-06-25T09:26:02.0185115Z"},{"elements":[{"element":{"id":"8183b763-c001-45e5-a3fb-0c84a98b97d5"},"value":"Emergencies"},{"mode":"autogenerated","element":{"id":"2a3a7bf2-aa84-493b-864b-6067ff0e7cc0"},"value":"emergencies"},{"element":{"id":"c4247c8d-5eac-4ad7-9a31-3ac8001f9590"},"value":[{"id":"a0698ed1-1706-429d-b8cd-2cee292e5626"},{"id":"8c36dfba-0b31-4d22-90c0-0c3d27555f5a"}]},{"element":{"id":"90c127c1-0913-4873-aa07-ca4a64ea5d89"},"value":[{"id":"cd5c0af6-aff0-4b6a-b8d4-54a07225c06d"}]}],"workflow_step":{"id":"c199950d-99f0-4983-b711-6c4c91624b22"},"item":{"id":"55d6a1d2-b942-4536-bc27-a1dffee7a3f4"},"language":{"id":"00000000-0000-0000-0000-000000000000"},"last_modified":"2020-06-25T09:04:47.2558086Z"},{"elements":[{"element":{"id":"8183b763-c001-45e5-a3fb-0c84a98b97d5"},"value":"Smell gas?"},{"mode":"autogenerated","element":{"id":"2a3a7bf2-aa84-493b-864b-6067ff0e7cc0"},"value":"smell-gas"},{"element":{"id":"c4247c8d-5eac-4ad7-9a31-3ac8001f9590"},"value":[]},{"element":{"id":"90c127c1-0913-4873-aa07-ca4a64ea5d89"},"value":[{"id":"b6198c72-6099-45f2-8bef-70f4c4e87466"}]}],"workflow_step":{"id":"c199950d-99f0-4983-b711-6c4c91624b22"},"item":{"id":"a0698ed1-1706-429d-b8cd-2cee292e5626"},"language":{"id":"00000000-0000-0000-0000-000000000000"},"last_modified":"2020-06-25T09:04:03.1102185Z"},{"elements":[{"element":{"id":"8183b763-c001-45e5-a3fb-0c84a98b97d5"},"value":"Suspect carbon monoxide?"},{"mode":"autogenerated","element":{"id":"2a3a7bf2-aa84-493b-864b-6067ff0e7cc0"},"value":"suspect-carbon-monoxide"},{"element":{"id":"c4247c8d-5eac-4ad7-9a31-3ac8001f9590"},"value":[]},{"element":{"id":"90c127c1-0913-4873-aa07-ca4a64ea5d89"},"value":[{"id":"11a8bb4b-212d-4244-82e2-b9d19af212d2"}]}],"workflow_step":{"id":"c199950d-99f0-4983-b711-6c4c91624b22"},"item":{"id":"8c36dfba-0b31-4d22-90c0-0c3d27555f5a"},"language":{"id":"00000000-0000-0000-0000-000000000000"},"last_modified":"2020-06-25T09:05:03.170271Z"},{"elements":[{"element":{"id":"8183b763-c001-45e5-a3fb-0c84a98b97d5"},"value":"Help"},{"mode":"autogenerated","element":{"id":"2a3a7bf2-aa84-493b-864b-6067ff0e7cc0"},"value":"help"},{"element":{"id":"c4247c8d-5eac-4ad7-9a31-3ac8001f9590"},"value":[]},{"element":{"id":"90c127c1-0913-4873-aa07-ca4a64ea5d89"},"value":[{"id":"7193e6a5-b3c5-45b3-b92e-64ae7cf8d171"}]}],"workflow_step":{"id":"c199950d-99f0-4983-b711-6c4c91624b22"},"item":{"id":"66ac89cc-057e-4ce6-9685-f22589dd7c05"},"language":{"id":"00000000-0000-0000-0000-000000000000"},"last_modified":"2020-06-25T09:09:27.39928Z"},{"elements":[{"element":{"id":"8183b763-c001-45e5-a3fb-0c84a98b97d5"},"value":"Contact"},{"mode":"autogenerated","element":{"id":"2a3a7bf2-aa84-493b-864b-6067ff0e7cc0"},"value":"contact"},{"element":{"id":"c4247c8d-5eac-4ad7-9a31-3ac8001f9590"},"value":[]},{"element":{"id":"90c127c1-0913-4873-aa07-ca4a64ea5d89"},"value":[{"id":"05319c81-5a54-48af-9450-7e3732787b48"}]}],"workflow_step":{"id":"c199950d-99f0-4983-b711-6c4c91624b22"},"item":{"id":"f8c48b3d-6b5d-4b57-826f-4a01c1991a61"},"language":{"id":"00000000-0000-0000-0000-000000000000"},"last_modified":"2020-06-25T09:10:09.6020358Z"},{"elements":[{"element":{"id":"8183b763-c001-45e5-a3fb-0c84a98b97d5"},"value":"Why Kontent?"},{"mode":"autogenerated","element":{"id":"2a3a7bf2-aa84-493b-864b-6067ff0e7cc0"},"value":"why-kontent"},{"element":{"id":"c4247c8d-5eac-4ad7-9a31-3ac8001f9590"},"value":[{"id":"a6231c0c-f780-4f0b-8a25-3fb6eb4404c4"},{"id":"0ecdd2e2-2c95-4c23-85cc-c91a60a5081b"},{"id":"08ab3c54-c7b8-4c28-bc44-7421dec9bd59"}]},{"element":{"id":"90c127c1-0913-4873-aa07-ca4a64ea5d89"},"value":[{"id":"cf1078d0-48b9-447e-b6a2-2b8e9d47bffc"}]}],"workflow_step":{"id":"c199950d-99f0-4983-b711-6c4c91624b22"},"item":{"id":"ef2fe24d-0782-40bd-ab9f-5cf10b7f5d76"},"language":{"id":"00000000-0000-0000-0000-000000000000"},"last_modified":"2020-06-25T09:13:37.6075346Z"},{"elements":[{"element":{"id":"8183b763-c001-45e5-a3fb-0c84a98b97d5"},"value":"For marketers"},{"mode":"autogenerated","element":{"id":"2a3a7bf2-aa84-493b-864b-6067ff0e7cc0"},"value":"for-marketers"},{"element":{"id":"c4247c8d-5eac-4ad7-9a31-3ac8001f9590"},"value":[]},{"element":{"id":"90c127c1-0913-4873-aa07-ca4a64ea5d89"},"value":[{"id":"4e4271b0-b3eb-4cde-a901-f621ad0ae18b"}]}],"workflow_step":{"id":"c199950d-99f0-4983-b711-6c4c91624b22"},"item":{"id":"a6231c0c-f780-4f0b-8a25-3fb6eb4404c4"},"language":{"id":"00000000-0000-0000-0000-000000000000"},"last_modified":"2020-06-25T09:12:40.2896996Z"},{"elements":[{"element":{"id":"8183b763-c001-45e5-a3fb-0c84a98b97d5"},"value":"For developers"},{"mode":"autogenerated","element":{"id":"2a3a7bf2-aa84-493b-864b-6067ff0e7cc0"},"value":"for-developers"},{"element":{"id":"c4247c8d-5eac-4ad7-9a31-3ac8001f9590"},"value":[{"id":"e317020b-ed51-45d7-9087-c117e1bcf7bb"}]},{"element":{"id":"90c127c1-0913-4873-aa07-ca4a64ea5d89"},"value":[{"id":"51c8dd0f-0e72-4023-964b-15ab56b6625c"}]}],"workflow_step":{"id":"c199950d-99f0-4983-b711-6c4c91624b22"},"item":{"id":"0ecdd2e2-2c95-4c23-85cc-c91a60a5081b"},"language":{"id":"00000000-0000-0000-0000-000000000000"},"last_modified":"2020-06-25T11:42:51.6263568Z"},{"elements":[{"element":{"id":"8183b763-c001-45e5-a3fb-0c84a98b97d5"},"value":"Enterprise"},{"mode":"autogenerated","element":{"id":"2a3a7bf2-aa84-493b-864b-6067ff0e7cc0"},"value":"enterprise"},{"element":{"id":"c4247c8d-5eac-4ad7-9a31-3ac8001f9590"},"value":[]},{"element":{"id":"90c127c1-0913-4873-aa07-ca4a64ea5d89"},"value":[{"id":"a4cbfb5e-fc46-47c5-b8c8-44198b28ca08"}]}],"workflow_step":{"id":"c199950d-99f0-4983-b711-6c4c91624b22"},"item":{"id":"08ab3c54-c7b8-4c28-bc44-7421dec9bd59"},"language":{"id":"00000000-0000-0000-0000-000000000000"},"last_modified":"2020-06-25T09:13:49.3220129Z"},{"elements":[{"element":{"id":"8183b763-c001-45e5-a3fb-0c84a98b97d5"},"value":"Gatsby & Kontent"},{"mode":"autogenerated","element":{"id":"2a3a7bf2-aa84-493b-864b-6067ff0e7cc0"},"value":"gatsby-kontent"},{"element":{"id":"c4247c8d-5eac-4ad7-9a31-3ac8001f9590"},"value":[]},{"element":{"id":"90c127c1-0913-4873-aa07-ca4a64ea5d89"},"value":[{"id":"954c34a3-4a58-4b2b-83cd-464a2c364371"}]}],"workflow_step":{"id":"c199950d-99f0-4983-b711-6c4c91624b22"},"item":{"id":"e317020b-ed51-45d7-9087-c117e1bcf7bb"},"language":{"id":"00000000-0000-0000-0000-000000000000"},"last_modified":"2020-06-25T11:43:15.2804594Z"}]